Workbook

Sheet Instructions
A1: Day 04 — Activity 3: KPI Dashboard Practice (Video Follow-Along)
A2: Data Analytics Level III | Formative Practice (Video Follow-Along)
A5: INSTRUCTIONS:
A7: This dataset is for the KPI Dashboard video follow-along practice.
A8: Watch the recorded video on the LMS and replicate every step below
A9: on this dataset (Tita Boba — Milk Tea & Coffee Shop).
A11: WHAT YOU WILL BUILD (on the 'Dashboard' sheet):
A13: 1. KPI SUMMARY
A14: • Total Revenue, Average Sale, Number of Transactions
A15: • Highest Single Sale, Lowest Single Sale
A17: 2. CONDITIONAL FORMATTING
A18: • Data Bars on a monthly totals table
... A30: Upload to LMS before the next session.

Sheet Sales Data
A1: Tita Boba — Milk Tea & Coffee Shop | 2025 Sales
A3: Transaction ID | B3: Month | C3: Product Category | D3: Product Name | E3: Units Sold | F3: Sales Amount (₱)
A4: TXN-001 | B4: January | C4: Milk Tea | D4: Classic Milk Tea (24-cup tray) | E4: 24 | F4: 2400
A5: TXN-002 | B5: January | C5: Coffee | D5: Iced Coffee (12-cup) | E5: 12 | F5: 1320
A6: TXN-003 | B6: January | C6: Snacks | D6: Cheese Sticks (50 pcs) | E6: 50 | F6: 1500
A7: TXN-004 | B7: February | C7: Milk Tea | D7: Valentine's Special (50-cup) | E7: 50 | F7: 7500
A8: TXN-005 | B8: February | C8: Add-ons | D8: Heart Toppings (200 pcs) | E8: 200 | F8: 2000
A9: TXN-006 | B9: February | C9: Milk Tea | D9: Couples Set (paired drinks) | E9: 30 | F9: 4500
A10: TXN-007 | B10: February | C10: Coffee | D10: Hot Latte (20-cup) | E10: 20 | F10: 2400
A11: TXN-008 | B11: March | C11: Milk Tea | D11: Wintermelon (24-cup) | E11: 24 | F11: 2640
A12: TXN-009 | B12: March | C12: Snacks | D12: Fries (40 orders) | E12: 40 | F12: 2000
A13: TXN-010 | B13: March | C13: Coffee | D13: Iced Americano (15-cup) | E13: 15 | F13: 1500
A14: TXN-011 | B14: April | C14: Milk Tea | D14: Mango Float Tea (30-cup) | E14: 30 | F14: 3900
A15: TXN-012 | B15: April | C15: Add-ons | D15: Sago Pearls (5kg bag) | E15: 5 | F15: 1250
... A43: TXN-040 | B43: December | C43: Milk Tea | D43: New Year Bundle (40-cup) | E43: 40 | F43: 5600

Sheet Analysis
A1: STATISTICAL ANALYSIS
A3: Sales
A4: Mean (Average Sales) | B4: =AVERAGE('Sales Data'!F4:F43) -> 3144.75
A5: Median (Middle Sales) | B5: =MEDIAN('Sales Data'!F4:F43) -> 2150
A6: Mode (Most Common Sales) | B6: =_xlfn.MODE.SNGL('Sales Data'!F4:F43) -> 1500
A8: Units Sold
A9: Mean (Average Unit Sold) | B9: =AVERAGE('Sales Data'!E9:E48) -> 33.314286
A10: Median (Middle Unit Sold) | B10: =MEDIAN('Sales Data'!E9:E48) -> 30
A11: Mode (Most Common Unit Sold) | B11: =_xlfn.MODE.SNGL('Sales Data'!E9:E48) -> 30

Sheet Dashboard
A1: DASHBOARD
A2: Build your KPI summary, conditional formatting, and charts here while following the video.
A4: KPI Summary
A6: Total Revenue | F6: Average Sale Amount | K6: Top-Selling Category | P6: Number of Transactions
A7: =SUM('Sales Data'!F4:F43) -> 125790 | F7: =AVERAGE('Sales Data'!F4:F43) -> 3144.75 | K7: =INDEX(A30:A33, MATCH(MAX(B30:B33), B30:B480, 0)) -> Milk Tea | P7: =COUNT('Sales Data'!F4:F43) -> 40
A11: Charts
A28: Conditional Formatting
A29: Total Sales by Product Category
A30: Milk Tea | B30: =SUMIF('Sales Data'!C4:C43,'Sales Data'!C4,'Sales Data'!F4:F43) -> 78470 | F30: Monthly Sales Trends
A31: Coffee | B31: =SUMIF('Sales Data'!C4:C43,'Sales Data'!C5,'Sales Data'!F4:F43) -> 22770 | F31: January | G31: February | H31: March | I31: April | K31: May | L31: June | M31: July | N31: August | P31: September | Q31: October | R31: November | S31: December
A32: Snacks | B32: =SUMIF('Sales Data'!C4:C43,'Sales Data'!C6,'Sales Data'!F4:F43) -> 15700 | F32: =SUMIF('Sales Data'!B4:B43,"January",'Sales Data'!F4:F43) -> 5220 | G32: =SUMIF('Sales Data'!B4:B43,"February",'Sales Data'!F4:F43) -> 16400 | H32: =SUMIF('Sales Data'!B4:B43,"March",'Sales Data'!F4:F43) -> 6140 | I32: =SUMIF('Sales Data'!B4:B43,"April",'Sales Data'!F4:F43) -> 6650 | K32: =SUMIF('Sales Data'!B4:B43,"May",'Sales Data'!F4:F43) -> 30300 | L32: =SUMIF('Sales Data'!B4:B43,"June",'Sales Data'!F4:F43) -> 6450 | M32: =SUMIF('Sales Data'!B4:B43,"July",'Sales Data'!F4:F43) -> 5630 | N32: =SUMIF('Sales Data'!B4:B43,"August",'Sales Data'!F4:F43) -> 5200 | P32: =SUMIF('Sales Data'!B4:B43,"September",'Sales Data'!F4:F43) -> 5700 | Q32: =SUMIF('Sales Data'!B4:B43,"October",'Sales Data'!F4:F43) -> 9000 | R32: =SUMIF('Sales Data'!B4:B43,"November",'Sales Data'!F4:F43) -> 7600 | S32: =SUMIF('Sales Data'!B4:B43,"December",'Sales Data'!F4:F43) -> 21500
A33: Add-ons | B33: =SUMIF('Sales Data'!C4:C43,'Sales Data'!C8,'Sales Data'!F4:F43) -> 8850
A35: Executive Summary
A36: Sales show strong peaks during February (₱16,400), May (₱30,300), and December (₱21,500), driven by seasonal promotions and event bundles. The trend suggests that themed or seasonal offerings significantly boost revenue, while months like August and September are relatively weaker. Milk Tea dominates with consistent high-value transactions and special bundles. Coffee contributes moderately, performing best in colder months. Snacks and Add-ons act as supporting categories, often bundled with drinks. Mean is higher than the Median, this indicates that while most transactions are modest (₱2,000–₱3,000 range), a few large catering/event sales (like May’s ₱20,000 Summer Festival) skew the average upward. The median better reflects a typical transaction size for everyday sales. The shop thrives on seasonal promotions and event bundles, which create revenue spikes. Milk Tea is the clear leader, both in volume and profitability, making it the backbone of the business. Coffee and snacks provide steady but smaller contributions, while add-ons enhance upselling opportunities. The difference between mean and median shows that while big events are lucrative, the day-to-day business relies on smaller, consistent sales. To sustain growth, focusing on seasonal creativity and upselling bundles will likely continue driving strong results.
A60: Monthly Sales Trend
A61: Month | C61: Sales
A62: January | C62: =SUMIF('Sales Data'!B4:B43,"January",'Sales Data'!F4:F43) -> 5220
A63: February | C63: =SUMIF('Sales Data'!B4:B43,"February",'Sales Data'!F4:F43) -> 16400
A64: March | C64: =SUMIF('Sales Data'!B4:B43,"March",'Sales Data'!F4:F43) -> 6140
A65: April | C65: =SUMIF('Sales Data'!B4:B43,"April",'Sales Data'!F4:F43) -> 6650
A66: May | C66: =SUMIF('Sales Data'!B4:B43,"May",'Sales Data'!F4:F43) -> 30300
A67: June | C67: =SUMIF('Sales Data'!B4:B43,"June",'Sales Data'!F4:F43) -> 6450
A68: July | C68: =SUMIF('Sales Data'!B4:B43,"July",'Sales Data'!F4:F43) -> 5630
A69: August | C69: =SUMIF('Sales Data'!B4:B43,"August",'Sales Data'!F4:F43) -> 5200
A70: September | C70: =SUMIF('Sales Data'!B4:B43,"September",'Sales Data'!F4:F43) -> 5700
A71: October | C71: =SUMIF('Sales Data'!B4:B43,"October",'Sales Data'!F4:F43) -> 9000
A72: November | C72: =SUMIF('Sales Data'!B4:B43,"November",'Sales Data'!F4:F43) -> 7600
A73: December | C73: =SUMIF('Sales Data'!B4:B43,"December",'Sales Data'!F4:F43) -> 21500
